Country,total_sales
United Kingdom,7308391.5540030645
Netherlands,285446.34
EIRE,265545.8999999985
Germany,228867.13999999844
France,209024.0499999997
Australia,138521.30999999956
Spain,61577.10999999997
Switzerland,56443.95000000004
Belgium,41196.33999999997
Sweden,38378.33000000003
